,A,B,C,D
2000-01-01,-1.9223566552,-2.09507991615,1.4891144952,0.343423989058
2000-01-02,-1.99146171992,-1.9607332076,-0.0834390917365,-0.768962011285
2000-01-03,-0.155092814291,-0.246421471884,-0.614722559816,-1.8140918986
2000-01-04,-0.446375247869,-0.597243248247,-0.900544513306,-0.858562316599
2000-01-05,0.670864303518,-0.307788356572,-2.5658529707,-0.958079909652
2000-01-06,0.396645382081,0.425442152635,-3.90730450265,-0.249583901746
2000-01-07,0.276739664843,-0.315031857545,-1.7115063417,-1.59421765918
2000-01-08,-1.8153689401,-0.277667385523,-3.07377694229,-1.0924376143
2000-01-09,0.384737591743,1.30174069747,-2.69290264922,0.411209312999
2000-01-10,-1.59713024849,2.1525014381,-2.20000435139,-1.95938461688
2000-01-11,-1.60567889468,2.90220384269,-0.371137846854,-2.44345816331
2000-01-12,-0.943584119856,3.11214799283,1.41343169747,-1.54374938818
2000-01-13,-1.74192649902,2.12241555733,2.53219176491,-1.08125527353
2000-01-14,-0.304745873316,0.169714239523,2.70497805386,-2.33013138664
2000-01-15,0.264072114104,-1.11977074675,2.52390699153,-2.83504440444
2000-01-16,1.37787758272,-0.427391269324,2.75542537191,-2.93019044169
2000-01-17,0.417813612935,-0.825357530448,2.98438691861,-4.45020423448
2000-01-18,-0.529992915212,-1.55325450133,3.09839192996,-4.96884964366
2000-01-19,-1.41612373129,-2.32505278553,3.86342714652,-7.12427891797
2000-01-20,-1.49849342599,-1.90143947789,6.34735215349,-6.14871181395
2000-01-21,-1.01620269446,-0.683931646601,5.52356865813,-6.49510521716
2000-01-22,-1.11884067565,-0.254936478517,6.64447433006,-6.79874465376
2000-01-23,-1.68906041971,-0.802570669345,5.56358429155,-5.61846882
2000-01-24,-1.31911114291,-1.7441809127,3.56574330312,-3.67572624822
2000-01-25,-1.43454587455,-2.42486644672,2.56420311442,-2.75192456038
2000-01-26,-1.3213748417,-0.187869693772,2.50727323511,-1.32649700924
2000-01-27,-0.181968513184,-0.79671971758,2.93915997082,0.724618921486
2000-01-28,1.05613080401,-0.946083121235,2.49757020869,-1.69440146621
2000-01-29,2.20706241987,0.654605657139,1.56430518556,-2.39449588426
2000-01-30,2.23465332246,0.168970870021,1.01543145416,-3.12814097741
2000-01-31,2.86052673128,1.07164030699,-0.435750622236,-3.6729091433
2000-02-01,1.32387554746,0.577433376235,-0.494661871082,-2.96428204071
2000-02-02,1.2101639581,0.772377682132,-1.26302459816,-2.72267195291
2000-02-03,1.12333602743,0.457888360663,-1.1119391831,-1.84719361167
2000-02-04,-2.17808309617,0.106197064688,-0.0489482937726,-2.29831742376
2000-02-05,-2.40599707313,0.346881070208,-1.97011089886,0.195848345614
2000-02-06,-2.18684729525,1.79233136621,-2.48635905215,1.41393676857
2000-02-07,-2.33071416601,1.01468763012,-1.60400492028,0.607833400928
2000-02-08,-1.92045198495,2.38388241056,-1.50873814323,0.588847092735
2000-02-09,-1.5867357108,2.14734672561,-4.15926475525,1.63766773968
2000-02-10,-3.72947203632,2.99935701307,-5.4290652712,0.918021838043
2000-02-11,-4.70576645984,3.99490317017,-4.96858210049,0.563451974622
2000-02-12,-5.70841356772,4.2462479455,-4.26111031239,1.5393539532
2000-02-13,-4.88317118035,3.68329450446,-4.11581850053,1.46534363623
2000-02-14,-6.22677788971,3.56005951451,-5.16669897397,0.979793276793
2000-02-15,-9.06932261245,2.78376550469,-5.23569189645,-0.277404296542
2000-02-16,-8.40371499246,2.04541120899,-5.07665971621,-1.50649024878
2000-02-17,-10.2173973901,1.85720394842,-4.03019509496,-2.14229029429
2000-02-18,-9.54933274973,1.44325120199,-5.99206635033,-0.72003084197
2000-02-19,-8.87787114571,0.499257090778,-4.4428410602,-0.351460809207
2000-02-20,-9.56830507274,1.10485280956,-4.55811149429,-1.34166218007
2000-02-21,-9.1745949245,0.994151850304,-4.68286253282,-0.672060407917
2000-02-22,-7.93835233814,0.769564520414,-6.2062212569,-2.08078104063
2000-02-23,-8.54887805498,-0.270595906472,-4.51486059935,-0.696569833415
2000-02-24,-7.1919589339,-0.519952040479,-3.50458536813,-1.77452086494
2000-02-25,-5.36493325792,-0.0105943850714,-3.3202797433,-2.25619603546
2000-02-26,-6.46545153948,0.137985619483,-3.39752654888,-2.87196680025
2000-02-27,-7.26349914871,-0.653679685229,-2.72344589641,-4.98128950285
2000-02-28,-6.74446809718,0.0619724592484,-1.93940357947,-3.93861349381
2000-02-29,-9.034106004,-0.521590477809,-3.69423311871,-5.29128593944
2000-03-01,-9.090691421,0.576776804803,-2.24677758585,-4.70231288965
2000-03-02,-11.1117487041,-0.138210351601,-1.79456585407,-4.88006211775
2000-03-03,-10.2619397529,-1.89031759856,-0.488730488788,-3.90448077822
2000-03-04,-10.2328652926,-2.81014721482,0.0421833132956,-3.36109249836
2000-03-05,-10.8775048463,-1.71195884763,-0.724412138157,-3.23341745164
2000-03-06,-9.64570633465,-2.21585074801,-0.395329340491,-2.67598605327
2000-03-07,-9.35368335823,-3.3056867514,-1.51507076909,-2.90280824741
2000-03-08,-7.82119468584,-3.02901205819,-1.89293158093,-1.00956320836
2000-03-09,-7.72588492215,-3.18043596981,-2.35798047453,-0.0596250480263
2000-03-10,-7.62036000767,-3.09748022022,-1.56845000597,-0.718000610205
2000-03-11,-6.99087560164,-1.20079271448,-0.31711215986,-0.198558280987
2000-03-12,-5.2394500561,-0.409661221799,-0.673187188922,-1.6033694187
2000-03-13,-5.29554783041,-1.59322126898,0.0509143880351,-2.40915980138
2000-03-14,-4.22945251728,-1.92383235104,0.167800832688,-2.61296744298
2000-03-15,-2.71058401819,-2.15810018227,-0.275638133976,-1.54305221525
2000-03-16,-1.80845057707,-2.35841127859,-1.75403926283,-2.02001880181
2000-03-17,-2.91753346335,-2.05584058527,-2.77422738408,-0.825513155475
2000-03-18,-1.58300809831,-1.3065306612,-4.50336990759,-2.41566943389
2000-03-19,-1.46368700525,-0.988736252552,-3.73212978304,-2.42335727159
2000-03-20,-1.67008758228,-2.06903309568,-4.40174721838,-2.95122884787
2000-03-21,-2.40955475523,-2.36353998952,-3.73776099028,-4.06060133108
2000-03-22,-0.904371493144,-2.9269355526,-3.21133975247,-4.08994710348
2000-03-23,-1.33585853323,-3.40437215339,-3.88925758739,-4.12467138594
2000-03-24,-1.33486400721,-3.45760172977,-0.998330367956,-4.73054603478
2000-03-25,-1.09505397835,-2.83522814525,-0.603478551016,-4.51495536628
2000-03-26,-0.220088114363,-2.49477777874,-0.460014779745,-3.98906633212
2000-03-27,-1.97625207364,-2.67549501453,-1.17387882406,-3.90957776386
2000-03-28,-2.20220738501,-3.09826713164,0.587921692948,-4.29559182544
2000-03-29,-2.33070832199,-2.64521079233,0.0161591971448,-4.4531645864
2000-03-30,-1.34419050789,-2.50764011408,-1.35967034557,-3.59073640362
2000-03-31,-2.68653744196,-1.85600147367,-0.751851278857,-4.12658143859
2000-04-01,-1.29918224386,-2.2391087571,-2.44330179241,-4.99666290949
2000-04-02,-0.677957700685,-3.39562223815,-1.9312468509,-4.26947551812
2000-04-03,-1.66277908823,-3.36251043922,-2.06642940828,-5.55123931246
2000-04-04,-0.0308064827613,-2.53605159606,-1.70712841437,-5.84869684964
2000-04-05,1.05548688897,-2.53767280233,-0.88067293762,-7.12260305508
2000-04-06,2.91102319004,-1.57581714637,1.22509399991,-6.75541611183
2000-04-07,1.71783765978,-2.56260709799,1.20375319389,-8.16699754225
2000-04-08,1.95468212062,-1.16123980756,1.19245097165,-9.36138992811
2000-04-09,0.968376662716,-1.29382085564,1.22272623435,-8.42367776945
2000-04-10,-0.557825698947,-1.71280978622,1.5609109747,-7.57821887644
2000-04-11,-0.326373562735,-2.51561601442,2.66026876117,-6.97101066297
2000-04-12,-0.0869187059115,-0.801083665228,2.14589816283,-7.36874563155
2000-04-13,0.128987897806,-0.352761336088,2.06902549106,-7.70431094594
2000-04-14,1.0323082241,-1.57075553536,1.16950591495,-7.27626347909
2000-04-15,1.18548617691,0.461367531616,-0.558652703405,-6.51057557143
2000-04-16,-0.222141418665,1.94621898089,-0.241906646616,-6.16373670767
2000-04-17,-0.346209644413,2.91606138498,0.880459047203,-5.91537969281
2000-04-18,0.109702934714,2.50339110978,1.1122785855,-6.82622180235
2000-04-19,-0.15546436863,4.08096632291,-0.611199041747,-8.94877676409
2000-04-20,-0.0587453778456,3.70991828542,0.0713289329533,-7.44478309471
2000-04-21,-0.614459601841,3.55778887742,-0.456574079847,-8.86255644864
2000-04-22,-1.63960762533,2.90217869689,0.762671358755,-8.69228545493
2000-04-23,-1.56221885683,2.35310485955,0.0658444340065,-9.63947728087
2000-04-24,-1.58078892509,2.38867380653,0.613291373741,-7.98347936304
2000-04-25,-2.75086646047,1.5784740312,0.936925160857,-9.09321069173
2000-04-26,-2.80438034475,-0.144125921084,0.440003815517,-7.61538331831
2000-04-27,-3.07180233604,0.0191548490871,1.96028237545,-5.88747422591
2000-04-28,-4.3266124314,0.0896458373256,0.977776106269,-5.63876038753
2000-04-29,-3.3838496424,-0.414343669496,1.0441919405,-5.28909953078
2000-04-30,-5.77869398216,-0.995512280462,0.269828559531,-5.1830250046
2000-05-01,-5.91857683142,-0.941566966412,-1.51794497987,-5.00600675125
2000-05-02,-6.98899207717,-0.352702251183,-0.923009154673,-4.92801393877
2000-05-03,-7.23479833156,-2.06366593504,-1.19589164383,-4.44116236634
2000-05-04,-7.59302987916,-2.98583784187,-1.24439912949,-6.78417531013
2000-05-05,-7.53504778682,-3.98553956352,-0.631252376646,-4.61475448312
2000-05-06,-9.16759695175,-4.37029266669,-0.742164706187,-4.90611523799
2000-05-07,-9.44251985557,-3.87438559888,-0.978564367572,-6.28335165187
2000-05-08,-8.43383919134,-3.63847616436,-1.14970879876,-7.85524641021
2000-05-09,-7.62247753285,-2.13531228801,-1.33452166403,-7.72124233727
2000-05-10,-8.78513646083,-2.98929442193,-3.35944891226,-7.48426641121
2000-05-11,-9.18619358686,-4.44020914955,-1.87546329137,-8.51738240968
2000-05-12,-9.24131311975,-3.78381451691,-2.58091269164,-9.48399065555
2000-05-13,-8.68146660764,-4.45358165421,-4.03143444422,-7.80333688207
2000-05-14,-7.75661043544,-4.01165541385,-3.70840484786,-5.91203464396
2000-05-15,-8.37517504909,-4.96050937059,-2.1523410928,-5.90409865725
2000-05-16,-8.91924276202,-5.68167593482,-3.01051747759,-6.74766041013
2000-05-17,-9.33143373566,-6.40508710101,-2.72888073295,-7.54352881407
2000-05-18,-8.70764995845,-4.4112852369,-3.0058537684,-9.02262617065
2000-05-19,-8.56276750838,-5.41707035838,-3.56727563352,-8.87907855429
2000-05-20,-6.99768345161,-5.5570235675,-4.97091431776,-7.43466732017
2000-05-21,-6.82227204948,-5.21840684388,-4.17851748935,-7.18851611578
2000-05-22,-8.02218385549,-3.69305461962,-5.23703414467,-7.31697151932
2000-05-23,-7.8279267554,-4.07238497096,-3.82489731286,-7.59664403942
2000-05-24,-8.02094930887,-3.97167828353,-3.48326267491,-8.77252562732
2000-05-25,-8.48666635495,-2.94138924571,-1.7929316311,-9.22846476284
2000-05-26,-8.61916792342,-2.65218552285,-1.44447859789,-10.4607375504
2000-05-27,-9.38878369389,-3.34443684871,-2.29780372099,-11.5807486199
2000-05-28,-8.76850389778,-2.85499327549,-1.26825195901,-11.5538398349
2000-05-29,-9.04047754509,-3.74257305128,-2.87653328378,-11.5403178066
2000-05-30,-11.2947845142,-3.16343691835,-1.07231071685,-10.6650599027
2000-05-31,-11.4985696727,-3.25178961885,0.0968279881933,-9.83265034105
2000-06-01,-13.2541425687,-2.81243222884,1.37669312601,-10.6581720358
2000-06-02,-14.0377232359,-2.18619371928,0.693323370759,-11.5593322751
2000-06-03,-14.0275226931,-0.80555502758,1.43592877762,-11.8746927138
2000-06-04,-12.8681617076,0.664238890448,1.18967357657,-12.7594666619
2000-06-05,-14.338425081,2.12293598333,1.26862994984,-12.3525291131
2000-06-06,-13.444109201,0.584766233086,2.37812612177,-12.673300457
2000-06-07,-13.5969098231,-0.466235409029,4.00808392631,-11.2023750457
2000-06-08,-12.8194067561,-1.01583686683,5.51302489463,-11.095331053
2000-06-09,-12.9988033706,-1.76959048721,4.03570410503,-10.4617695162
2000-06-10,-13.5028423508,-0.674120048771,3.97959341791,-8.10129982611
2000-06-11,-12.9749645493,-0.909716440687,1.79259503895,-7.95796740472
2000-06-12,-12.3391474625,-1.42943781056,2.24711532995,-8.24562910327
2000-06-13,-12.2194735218,-0.880222977964,1.77034402654,-8.28806349987
2000-06-14,-12.044120628,-0.313952238631,1.3330446899,-8.62868779507
2000-06-15,-13.1690503897,0.174863471329,1.37170081731,-7.39500962833
2000-06-16,-11.2891001324,1.26596542499,-0.749939210519,-6.78833312385
2000-06-17,-10.1346918983,0.931687940451,-1.10690907147,-8.62615692106
2000-06-18,-10.905163023,2.6098624113,-1.27271519422,-6.94265088174
2000-06-19,-10.2898336582,2.10805496781,-0.199871589172,-9.1525162831
2000-06-20,-10.0352003224,0.355738914527,-0.996659143016,-8.94293708203
2000-06-21,-11.0576990596,-0.145619508793,-0.869299651412,-8.11142409449
2000-06-22,-12.2492594712,-0.114556720265,-1.46164876836,-9.28515790236
2000-06-23,-10.826907259,-2.48178339431,-2.53425925909,-9.74618332453
2000-06-24,-9.06341417732,-4.06584422306,-1.07278732216,-9.56787090902
2000-06-25,-9.31821938284,-5.24011881941,-0.675683626187,-9.95452151095
2000-06-26,-7.57308231985,-6.24329451884,-1.97766327754,-9.42492864809
2000-06-27,-9.22573804505,-4.52180412383,-1.98116385571,-9.92237104404
2000-06-28,-7.86568012483,-4.6253185029,-0.848347218832,-11.5030314196
2000-06-29,-7.31152966337,-5.28351420466,-1.07312689442,-10.8042387311
2000-06-30,-7.18619979334,-5.7261823622,0.776899165522,-10.1769924194
2000-07-01,-5.6589788276,-6.99620733835,0.475744814181,-9.96264195578
2000-07-02,-4.52211611704,-7.92082072285,2.0927364552,-10.648144463
2000-07-03,-4.95207073538,-9.04982930824,3.51960230335,-10.8167088214
2000-07-04,-5.34914810644,-7.94260976327,4.36744147481,-11.3698348852
2000-07-05,-6.34832211281,-7.09144518493,4.79045054987,-13.5588738428
2000-07-06,-6.08149011754,-5.29623216836,3.91372130449,-12.1212717369
2000-07-07,-5.49584871197,-6.27455510275,5.00573598996,-9.9637928393
2000-07-08,-4.5908444593,-6.86289642013,5.38448048848,-9.11303689134
2000-07-09,-5.51800871219,-7.35603827721,4.12263817339,-9.34796916205
2000-07-10,-4.73787287272,-7.6864023935,4.03288169083,-8.47936485995
2000-07-11,-5.21925786647,-8.43937386375,4.54393194171,-10.1814664947
2000-07-12,-5.24685134594,-9.83385631891,4.3273233861,-10.0282158264
2000-07-13,-5.2627560158,-9.8911935624,4.10033501155,-10.9445150734
2000-07-14,-5.30705153432,-10.2462839083,3.82426332055,-10.8917780361
2000-07-15,-5.08956745595,-11.7593078906,4.33089230714,-10.2356104182
2000-07-16,-4.35667289428,-11.46700749,3.54657366598,-11.8224422577
2000-07-17,-4.68181077568,-11.0532864313,2.69041015996,-11.1505463487
2000-07-18,-5.18711029843,-10.9990507667,2.04091123241,-9.16987602175
2000-07-19,-4.28765907169,-10.3555987437,1.27220942771,-7.44851163957
2000-07-20,-4.07183357348,-10.6287341395,2.35147265806,-7.62080982174
2000-07-21,-4.86683689636,-11.810966679,1.68353909367,-8.35016812031
2000-07-22,-5.17395095323,-12.396799969,1.98957952888,-8.75188533835
2000-07-23,-7.29810345493,-14.1891542979,3.06230867202,-7.93353042281
2000-07-24,-5.591237769,-14.127389025,3.56946139893,-9.33512156511
2000-07-25,-4.58742490054,-13.6948111283,4.48695160232,-8.20949520394
2000-07-26,-3.92580642247,-14.9823759997,4.16776378585,-6.14241938282
2000-07-27,-4.34746570686,-17.4625804527,5.07375473093,-5.72600959095
2000-07-28,-1.7551587779,-17.2025899896,4.4727548803,-7.38271835263
2000-07-29,-1.21860366141,-15.6781231598,5.54918661996,-7.83364447535
2000-07-30,-0.745695199871,-16.5169987845,6.22718176278,-7.33900078981
2000-07-31,-0.673464279552,-15.9913981367,4.28406605114,-7.26289458216
2000-08-01,-1.15296547444,-16.8496818189,3.47978914493,-6.61187521514
2000-08-02,-3.32657767617,-16.9259995949,2.92108913444,-6.90726789946
2000-08-03,-2.60929035723,-17.4551988809,3.14169121948,-6.03375521121
2000-08-04,-3.08784559633,-20.4644571553,4.44429798636,-6.18137013243
2000-08-05,-2.92086615024,-20.4008962509,3.79140523745,-6.22632611762
2000-08-06,-3.76948473664,-20.4322955275,4.10473625956,-5.72461251251
2000-08-07,-2.65315501671,-21.445998379,2.61512829654,-7.3614123932
2000-08-08,-1.51217322685,-22.623838546,1.61042740788,-8.35934942689
2000-08-09,-0.267878180692,-22.5132817376,0.966168166161,-8.35552888485
2000-08-10,-1.67675599035,-22.9279069808,1.32870109882,-6.76001791771
2000-08-11,0.444164918965,-24.3970885631,-0.230177685957,-5.6238108072
2000-08-12,1.23675020664,-21.7490647183,1.07786729229,-5.13250957075
2000-08-13,0.294863627726,-19.7609593761,1.63648342187,-5.08716459983
2000-08-14,1.58187063272,-18.7256950944,1.01060314215,-2.53961243232
2000-08-15,-0.379912232466,-18.5514959607,1.4776317543,-2.67748476692
2000-08-16,-1.1596498501,-19.1622054881,2.43773902232,-3.83606854463
2000-08-17,0.605033381618,-20.0512591453,2.75517721764,-3.13866554004
2000-08-18,2.06542983669,-18.3212474173,1.97237225143,-3.11082594806
2000-08-19,2.69669530495,-19.3955828517,0.969736604145,-3.28204585668
2000-08-20,3.30797993965,-19.5171042666,2.06841265573,-2.18087601457
2000-08-21,3.98774988243,-18.9855806969,3.83830579946,-3.18777348328
2000-08-22,3.36011648922,-20.5656559173,3.15870245731,-3.81592489886
2000-08-23,4.09931752244,-20.6507985895,2.86255084981,-2.97353494139
2000-08-24,5.53307944534,-20.783100599,3.23302948846,-2.4765747856
2000-08-25,5.58809963948,-20.7698306191,2.50979567379,-3.20060373541
2000-08-26,3.66087198056,-22.3235141346,2.8527553997,-3.14750713064
2000-08-27,4.3256001488,-21.4628660238,3.17384718235,-4.2225864377
2000-08-28,2.98047193978,-22.7985285785,4.27071441083,-5.60955506133
2000-08-29,3.01359513759,-23.1201491074,3.83490025581,-5.12031879784
2000-08-30,3.27334287513,-22.3963676386,4.72314853814,-6.51010374273
2000-08-31,2.97349160762,-22.8648074512,5.57118683735,-6.92168542368
2000-09-01,2.34353853359,-23.3533399294,5.86747960088,-7.64752282353
2000-09-02,3.06689642178,-23.5125043687,6.70170976344,-7.27668709627
2000-09-03,4.09177161972,-24.9024290495,7.72063002213,-5.71753470818
2000-09-04,3.98592985715,-24.1885219187,7.05531080472,-5.75703159264
2000-09-05,2.75339097736,-22.3774442573,6.80761667155,-4.35677116256
2000-09-06,3.14897267286,-22.0981319599,6.24385586091,-2.25931863256
2000-09-07,4.05948351245,-22.1678225946,6.30456002695,-2.6559024602
2000-09-08,4.62653711688,-21.5098020103,5.9467341284,-2.01892394383
2000-09-09,5.02560019301,-21.3319069821,5.92171863027,-0.860454755168
2000-09-10,5.98274509956,-21.5315559974,6.36239920216,0.0321123726224
2000-09-11,6.8616988953,-20.8063377168,5.70518279878,1.95359128372
2000-09-12,5.5345048268,-19.2063093888,5.57009211343,3.22279543836
2000-09-13,3.65882446419,-18.9422348427,6.10172812241,1.70652569294
2000-09-14,3.28477121052,-18.4996779639,7.96343076846,1.325855341
2000-09-15,1.69574740968,-18.3014924614,8.54873871431,1.908769542
2000-09-16,2.14602257455,-17.9764086532,8.97454092654,1.74788379276
2000-09-17,2.14730548049,-20.009646085,8.70141681834,4.6077902914
2000-09-18,1.89387499973,-20.2559631267,8.69032790325,4.30227932827
2000-09-19,1.75406853152,-19.7622910734,8.72777410572,3.8120277388
2000-09-20,1.95062090453,-21.3520651729,7.75209500956,3.87594622734
2000-09-21,2.0447127041,-24.0574447471,8.09518250005,3.17596523696
2000-09-22,0.987332964135,-24.233673568,9.09299637742,3.29242721309
2000-09-23,0.879500038868,-23.015292728,8.40995532829,3.30712254919
2000-09-24,1.15613461593,-22.5924589293,8.50359556195,3.26418612886
2000-09-25,0.617833035595,-23.3998439403,8.68347250017,2.67925808798
2000-09-26,1.44060855337,-23.0901287217,10.2446468283,1.68910624491
2000-09-27,1.16904557119,-22.0234550823,10.9564180499,1.64355437937
2000-09-28,0.991502730843,-22.7570414279,12.7637301635,1.69856619073
2000-09-29,1.05528851315,-21.7652477709,12.4007707351,3.02193379415
2000-09-30,-0.442827697147,-22.8776076041,12.5134725636,3.37898057845
2000-10-01,0.286687241843,-22.9739191934,11.6928680134,5.06096453511
2000-10-02,-0.814067097801,-22.8006919928,11.9712643971,6.16419449522
2000-10-03,-1.08343820536,-23.3124522195,11.1738388893,5.1420216451
2000-10-04,-0.0848414348645,-23.315906392,11.861708802,6.18530854004
2000-10-05,0.473816131811,-22.3656844049,12.7777671699,6.40669684841
2000-10-06,-1.24491670114,-22.8135538448,13.0522023401,5.53252673676
2000-10-07,-0.498916525799,-23.416979104,13.2298736813,5.73461383548
2000-10-08,-1.15765064014,-24.478547301,13.7984206323,6.14480593478
2000-10-09,-2.145585442,-23.9780030154,12.966146061,6.59954200527
2000-10-10,-0.617133733831,-23.6288319463,12.3748801054,7.52106994012
2000-10-11,-1.81739591004,-22.6712834942,12.7292074113,7.14158665848
2000-10-12,-0.739942892495,-22.2263127132,12.3483686158,6.47376897398
2000-10-13,-0.729008655814,-23.3449240166,10.1004635264,8.12103119494
2000-10-14,1.91993014817,-22.3820297848,11.0330842103,7.30359994762
2000-10-15,2.82020128083,-23.0596758307,12.5862088472,9.2471602324
2000-10-16,2.83472908919,-25.4043299124,13.1758120338,10.5029427146
2000-10-17,0.47937647822,-25.9379213629,14.0333260352,11.3326726073
2000-10-18,0.474033088277,-25.0133087565,12.4774388844,10.8362899241
2000-10-19,1.71992735376,-25.2408541228,12.2171184049,10.7722826641
2000-10-20,2.17693851397,-25.9197400563,12.2485157351,12.0521221801
2000-10-21,0.237699563191,-23.5145838882,11.8745455415,13.5404388161
2000-10-22,1.07497221411,-23.624565936,12.6272186145,14.0829379718
2000-10-23,2.92860977282,-24.0375238705,12.7869616097,13.864077336
2000-10-24,4.8463469559,-23.3722542246,12.9981302727,13.8913520641
2000-10-25,3.6577891069,-21.361760167,14.2231989873,13.9841551769
2000-10-26,3.82939797945,-22.2786800513,13.4076820394,13.3259746109
2000-10-27,4.63277220304,-21.3856068552,12.7610441573,12.8887910457
2000-10-28,4.45321513646,-20.0125319772,12.5623947596,11.8160268775
2000-10-29,5.18108948438,-19.6646409766,10.6363599641,12.9144029701
2000-10-30,5.82241610223,-19.8566484422,10.9830387457,14.2876614349
2000-10-31,6.14881419522,-19.8475479617,12.0798733258,14.2321244029
2000-11-01,4.45521749311,-21.2315852025,12.177868049,15.0993850599
2000-11-02,4.5902179427,-20.9626573314,13.5643336967,15.9763426406
2000-11-03,5.37391285216,-20.8084206109,13.858522393,15.5632731357
2000-11-04,6.08100637349,-20.8768309355,13.0826881208,15.792825317
2000-11-05,5.47828067127,-20.0968780929,15.1123483716,15.7188292624
2000-11-06,5.38395454065,-19.7489183416,17.2133045243,16.9891728587
2000-11-07,5.38871533652,-20.1551910506,17.8370071449,18.1272727968
2000-11-08,5.90874283481,-20.9610798293,15.9964603095,20.1960561926
2000-11-09,6.35628220781,-20.5965182404,16.3260616502,20.6425278604
2000-11-10,5.20587520638,-21.9066318757,16.6169265399,20.6469607055
2000-11-11,5.86462749508,-22.6690221988,16.9610074461,20.2898642782
2000-11-12,6.56633997534,-23.212506351,16.9242334891,19.6790283426
2000-11-13,6.06859150967,-24.6320865491,17.0696195751,20.3716485002
2000-11-14,5.49762175257,-25.5772820675,15.2870405682,21.7202062037
2000-11-15,5.09779405978,-26.728848678,14.3110991216,22.9129368883
2000-11-16,5.24548175327,-27.8361587573,14.4222998047,22.2753915665
2000-11-17,5.04096025585,-28.2302016925,14.2802695335,23.5324408432
2000-11-18,5.693796693,-27.6751462436,11.9515107427,24.3862057445
2000-11-19,6.17288153952,-26.7614671711,13.0701364735,23.4842673898
2000-11-20,5.07628321708,-26.2417077065,13.7895279095,22.3352253839
2000-11-21,4.17242030669,-27.6739542634,13.3579180965,21.9384107592
2000-11-22,3.12599674775,-27.6804651235,13.2402239702,23.3209626836
2000-11-23,2.12705250879,-28.1994283976,14.0396497239,22.0621233832
2000-11-24,2.03630773025,-29.493471726,13.3946204514,20.9506693579
2000-11-25,2.83231211932,-29.4337853571,14.2907705132,20.9480426182
2000-11-26,4.03803906493,-29.778603752,14.6223544371,19.2430428263
2000-11-27,3.24308315061,-28.124193916,14.2290332085,19.2348528951
2000-11-28,2.71835803789,-29.5301068352,14.1609950936,17.9376114553
2000-11-29,1.3204619761,-30.7809203221,13.607898035,19.2202153232
2000-11-30,1.55418933093,-30.447817431,14.2958911068,20.6585436519
2000-12-01,2.84851646235,-31.5374464408,12.788166078,22.1020801702
2000-12-02,2.90666067655,-29.8579038251,12.6181357464,22.2743259983
2000-12-03,0.216381523165,-28.9771121657,13.8144330578,21.6991179041
2000-12-04,1.72953768442,-28.7001434978,12.6214343453,21.4198940845
2000-12-05,2.51050437313,-28.3280052911,12.3937130911,20.9049759536
2000-12-06,2.09074425107,-28.1707775246,11.1465409487,18.9481494506
2000-12-07,0.670444498373,-27.8342742492,12.0607482755,17.6114067361
2000-12-08,1.07674067506,-27.6087371313,11.5429466144,16.6791871726
2000-12-09,-0.161992899582,-25.8356590354,9.6768588133,16.7122882372
2000-12-10,-0.879203612467,-25.7107674763,9.95551981831,16.9174824859
2000-12-11,-1.66486916255,-25.4911844627,10.5358162422,17.2247764073
2000-12-12,-2.10092679847,-26.9166891954,10.7326342223,18.1808316633
2000-12-13,-2.22566169609,-26.8563378366,12.6435609716,20.7362031382
2000-12-14,-2.35913402776,-26.4237681865,12.8549302358,21.7834524834
2000-12-15,-3.24188139451,-26.0011629857,13.6552966365,22.7002896397
2000-12-16,-4.05680938338,-26.6401595022,12.8770865718,22.6291861257
2000-12-17,-3.98260074563,-26.4252095373,11.2630085566,23.3292145503
2000-12-18,-3.29701409255,-26.6490962501,11.2216851604,24.7810774171
2000-12-19,-3.11960387324,-27.6971778675,11.5235393859,24.4079587666
2000-12-20,-2.828743953,-24.8963157756,12.3828289034,25.7825618116
2000-12-21,-5.0618717331,-25.0706502585,10.94497701,25.0067905586
2000-12-22,-5.02272839066,-24.4831254525,11.604415155,24.2806333836
2000-12-23,-7.92824279601,-24.6409563755,10.0971022756,24.0988986244
2000-12-24,-8.17529538408,-24.7596079047,8.4153772556,24.5296010793
2000-12-25,-7.8230357239,-25.4253107257,9.3879666215,26.072482942
2000-12-26,-6.1910443446,-25.2569787867,9.23500115043,26.141500875
2000-12-27,-6.54514295845,-26.1887002817,11.6787943156,25.622499079
2000-12-28,-6.59342589438,-25.1445752121,12.3252588143,26.0243147319
2000-12-29,-6.06508640715,-26.5239185773,12.0454491183,27.3555464537
2000-12-30,-5.55702369953,-26.9033333186,12.0142791838,27.2298928373
2000-12-31,-5.48871314895,-26.5266810086,11.6634402655,28.8855808094
2001-01-01,-6.01733110225,-25.351817064,13.1131905649,27.3204579993
2001-01-02,-4.41735925911,-24.4937623768,12.866415957,26.8389656402
2001-01-03,-6.29431814796,-23.379313656,13.9063039744,26.2877349592
2001-01-04,-6.79978938444,-22.6699551644,12.8606823592,26.9541456984
2001-01-05,-8.02934293825,-20.4023792509,12.4150389447,26.3247678526
2001-01-06,-8.61339075124,-21.5032144499,12.0558873131,25.7263715781
2001-01-07,-9.38682114893,-22.7795977767,15.1200930039,25.673241079
2001-01-08,-9.42034679504,-23.8287751067,15.1598525653,25.8309649748
2001-01-09,-10.4173231032,-21.585469509,15.124331249,23.8710702571
2001-01-10,-11.4582036093,-21.0985039708,14.7031317943,23.0072682435
2001-01-11,-9.78043085242,-21.0162663129,13.8198075498,23.1635060251
2001-01-12,-10.6844922456,-19.0041331677,14.3793248413,22.3891370967
2001-01-13,-10.4650669162,-19.1911378375,14.5050267248,22.410714341
2001-01-14,-12.5653145215,-18.9887133009,14.2659744194,23.2983273787
2001-01-15,-13.520711084,-20.8765576244,14.4443703211,23.0917865893
2001-01-16,-13.2055855858,-21.8348668384,13.8321951447,20.7094965398
2001-01-17,-11.2397156904,-23.0091421001,16.4111947626,20.576608325
2001-01-18,-12.298517897,-23.4164481576,16.2628710491,18.6091476837
2001-01-19,-11.5094132224,-23.6851986158,16.081535325,18.5696585575
2001-01-20,-9.45950601542,-25.6319221669,17.3790167941,17.8655678883
2001-01-21,-8.6616331968,-24.3674923685,18.5736689456,18.1474077655
2001-01-22,-10.0722392446,-23.9163058752,19.5255537079,17.6954893081
2001-01-23,-9.42984846106,-24.241499197,19.1746153507,17.9702206518
2001-01-24,-9.19964449716,-24.6188367238,20.037383057,18.0953378612
2001-01-25,-8.79512235466,-25.8080435568,19.9326910222,19.1475041492
2001-01-26,-8.95922272884,-25.1447689165,19.7283884167,20.5072088984
2001-01-27,-8.35322820828,-25.4625408579,20.1854475285,20.3599940989
2001-01-28,-9.25297822268,-24.5259848849,20.491208311,18.4760667482
2001-01-29,-7.93380527451,-22.4574190035,20.1914381795,18.5885112833
2001-01-30,-7.29128810833,-24.2822727532,19.6032446744,19.5013613097
2001-01-31,-7.55598571157,-23.919184497,20.542770191,18.971313319
2001-02-01,-6.83169903189,-23.5763680488,19.5120277974,20.1816618431
2001-02-02,-7.18366408825,-23.6539931445,21.5265945145,20.8696334259
2001-02-03,-7.29738948621,-22.5685813336,20.1612756275,19.7239701651
2001-02-04,-7.24899549423,-23.8598218893,21.28597481,20.0606173934
2001-02-05,-4.95280821118,-24.422202957,19.7592090615,19.3015709283
2001-02-06,-5.95749801063,-25.3222524633,20.9924452636,18.6254647643
2001-02-07,-5.08148182219,-25.472791128,20.5802973742,17.2824355336
2001-02-08,-2.95700433553,-25.0969434883,21.2246298509,17.3393045198
2001-02-09,-2.49512028624,-26.5373285176,21.6922113098,17.2655584709
2001-02-10,-2.95270508243,-26.3706827521,21.3876520507,17.6951055506
2001-02-11,-1.93171478742,-27.1354098246,22.7072099097,17.5113496446
2001-02-12,-3.04911661106,-28.5298033511,22.5320014513,18.928525283
2001-02-13,-2.00783598079,-28.5819236286,23.0302262328,16.701899227
2001-02-14,0.128513399406,-29.3299458053,21.1969321607,17.4196074061
2001-02-15,1.04490831616,-29.3063445294,23.6534883417,16.652800771
2001-02-16,0.59852349296,-29.3218729864,24.3529379432,16.8847657962
2001-02-17,0.827480893419,-28.4000853696,25.0384266234,17.2918390432
2001-02-18,1.13071261404,-28.4225338571,24.1971217736,18.3046719442
2001-02-19,1.57428969667,-28.847249342,24.2483613315,17.9054627968
2001-02-20,0.700444179479,-30.5184615762,23.8727206515,17.7512526047
2001-02-21,0.584238012392,-29.5022229217,23.2882023034,17.715927616
2001-02-22,-2.8357976146,-30.6461497735,23.4057719023,19.5973046425
2001-02-23,-4.47525929898,-31.3499434072,22.1091902604,19.5960716999
2001-02-24,-4.2046800088,-30.4354410871,21.6324520609,18.7369891141
2001-02-25,-7.43988954902,-29.4084788034,21.7190078483,20.1344210937
2001-02-26,-6.91614678285,-31.9523616561,21.547017214,19.9898336624
2001-02-27,-6.35217130897,-32.1569311614,22.0415226309,19.5074062436
2001-02-28,-5.92794980126,-30.3910780672,21.5596529944,18.2480663966
2001-03-01,-6.95193271117,-28.7224253462,20.4509701273,19.5382457462
2001-03-02,-8.10716309895,-28.1954112055,20.9239711069,17.7411779391
2001-03-03,-8.86170010733,-29.9185762374,20.7212555517,17.9696307366
2001-03-04,-8.33939582659,-29.4559416331,21.7198832446,18.2854513515
2001-03-05,-11.8157804514,-29.8745069042,21.3247087796,17.0028087931
2001-03-06,-12.3147284189,-30.7491706142,20.7170130246,19.101147541
2001-03-07,-13.1839183632,-31.8359648005,20.9508345659,19.6425438499
2001-03-08,-11.0688320479,-33.1427561646,21.9526537129,21.5558419977
2001-03-09,-11.0416348592,-31.9465445105,22.2652950096,19.7685985008
2001-03-10,-10.5232192115,-30.8187419159,21.0108248149,20.8155765208
2001-03-11,-10.9405964167,-28.368572927,21.6327071404,22.0666643812
2001-03-12,-10.8937546223,-28.326679053,21.5439799305,24.0726985608
2001-03-13,-10.7535103451,-27.85252641,22.9429711428,23.5222607615
2001-03-14,-10.2166304662,-29.2171359352,22.9259546275,22.4811971645
2001-03-15,-11.0782737001,-29.3497906463,22.5605223152,22.9529002878
2001-03-16,-9.83429621484,-30.4232965121,21.248761892,22.8784187263
2001-03-17,-9.74016195648,-31.2955580709,20.5877437306,22.9510602899
2001-03-18,-11.4389699917,-31.8505561468,21.1479105436,23.7332819278
2001-03-19,-12.2095366799,-33.1674062064,20.8093540805,22.3094815174
2001-03-20,-12.4647488795,-32.3275679177,20.895049767,21.1378165185
2001-03-21,-13.087007291,-32.3790440902,22.0913920187,22.0617481464
2001-03-22,-13.4996155441,-32.7920017932,23.8471251352,24.0892784511
2001-03-23,-15.6274821931,-32.4705807336,23.939372753,23.7190333728
2001-03-24,-15.209662477,-31.4879982222,23.3600492569,24.0535073048
2001-03-25,-16.0477290223,-30.8881484023,23.3210070644,23.1689714757
2001-03-26,-17.2352088499,-32.3056091338,22.6762960225,22.9577985849
2001-03-27,-17.8140543245,-33.8105026216,24.6437973521,24.0620857783
2001-03-28,-17.8792316023,-33.6092835781,23.3628109646,23.6295110687
2001-03-29,-19.3437440006,-34.1227229109,24.2464045402,23.455760175
2001-03-30,-17.6712545904,-35.3912106433,25.0291535408,24.4892105972
2001-03-31,-18.1578742983,-35.099866948,23.6738926901,23.8812550591
2001-04-01,-16.2555743575,-36.0041627347,24.2388890627,24.010243039
2001-04-02,-16.9448289125,-36.638886521,24.2293430278,25.4116782542
2001-04-03,-15.3145951898,-36.4285693059,22.6732654024,25.4575242885
2001-04-04,-14.7710781015,-35.2777515307,23.5978434549,25.5188630733
2001-04-05,-15.3236032254,-35.7347912548,23.8194705568,24.8717844716
2001-04-06,-15.5784024866,-35.1140915191,24.8785900872,24.195615673
2001-04-07,-15.6235227024,-37.0061168636,24.4710547473,25.7004111878
2001-04-08,-16.7978826206,-36.7834365484,24.0549605425,25.3189543403
2001-04-09,-19.4173365948,-37.2665873729,23.6238108165,26.3623881002
2001-04-10,-20.094098937,-37.1755970095,24.6991720391,24.9645258339
2001-04-11,-19.0754848618,-40.5300054418,26.2068073349,24.350605138
2001-04-12,-19.789601223,-41.5065060978,26.3287574209,25.191104124
2001-04-13,-19.3381335299,-42.0949588751,26.9589789696,24.9550076282
2001-04-14,-20.3574062389,-40.63421256,26.6157107916,24.0516215045
2001-04-15,-21.5864233407,-41.3416335617,25.7882720878,22.9273732884
2001-04-16,-21.3122687127,-40.2050128778,26.9675912916,23.1647827167
2001-04-17,-22.323846066,-40.1594789949,25.6929094228,23.0234947207
2001-04-18,-20.9209056627,-41.0318911,26.16983928,22.0392555812
2001-04-19,-20.3285699718,-41.8532125915,28.6803925477,22.5638934774
2001-04-20,-20.5416167996,-41.6472659421,30.1087100041,24.1501952107
2001-04-21,-21.3791268821,-41.5210294971,29.8633911055,22.3865667507
2001-04-22,-19.863127214,-40.8154718801,30.5753913442,23.28904103
2001-04-23,-21.0062376508,-40.4744409403,30.029772417,23.4908908518
2001-04-24,-20.2228990028,-40.5936583718,31.2334866262,22.6735719256
2001-04-25,-20.309938155,-43.3802212952,29.6392010441,23.6137656073
2001-04-26,-19.6982398253,-44.1490953552,30.0132755925,23.5385519073
2001-04-27,-19.1772156409,-43.2112693406,31.1585326984,23.507243188
2001-04-28,-18.9419177126,-42.9745225212,32.051968813,22.988281179
2001-04-29,-18.3466438069,-42.8861899289,32.5757384983,24.3964980768
2001-04-30,-17.7835621618,-44.5500801154,32.5312637241,25.13128918
2001-05-01,-18.1445771694,-44.9701041461,31.1095776409,25.9323952639
2001-05-02,-17.1966378399,-45.2689053823,30.026742053,27.485057663
2001-05-03,-17.5064664302,-43.661421624,29.6298575594,24.2855447882
2001-05-04,-17.6891172105,-41.8245332197,29.7799120501,25.0582425574
2001-05-05,-16.9234623089,-41.8394234907,30.6913228757,25.0048879761
2001-05-06,-17.5077957921,-41.5493636332,29.7292501427,25.615386423
2001-05-07,-16.3661552529,-41.4328881539,30.527768489,25.2204683471
2001-05-08,-16.9504119329,-40.6306197837,29.3749418426,25.4456764528
2001-05-09,-17.6638340973,-40.9198239654,28.9630738857,24.6879159093
2001-05-10,-16.916190374,-41.4830944243,28.6551501494,26.0247949545
2001-05-11,-16.0979732376,-40.7778343471,28.6582862655,25.5012831048
2001-05-12,-16.349329955,-42.402569989,30.425343711,25.188078151
2001-05-13,-15.8035370354,-42.7749030841,30.1627159724,26.1243418422
2001-05-14,-17.8762771155,-41.4730674285,30.0101538033,26.3078144017
2001-05-15,-20.3620082831,-41.2845601736,31.5472984588,26.8652293896
2001-05-16,-20.8990454397,-40.8696925049,31.9207702517,26.3902401645
2001-05-17,-21.1730568362,-39.7660036966,32.9982563845,25.7788351161
2001-05-18,-20.9723046286,-39.8810158959,32.1694821622,24.9134143585
2001-05-19,-20.6165964267,-40.217816932,31.1338551323,26.2655683678
2001-05-20,-20.7388402232,-39.9310491976,31.8029364531,26.213672881
2001-05-21,-21.4876280322,-38.9220529937,32.0775476645,26.4091901158
2001-05-22,-21.9606258306,-38.4518649431,31.360504869,27.255320028
2001-05-23,-20.6167364523,-37.6130757724,30.7640288022,28.3202751144
2001-05-24,-20.676630333,-39.2329189703,29.8464888946,29.518113822
2001-05-25,-21.8556560335,-40.5493396444,29.014291025,31.3844210528
2001-05-26,-22.2695967883,-40.7859341917,28.886363765,33.6736482702
2001-05-27,-21.3966252724,-41.0332934772,29.1812165678,34.2678469792
2001-05-28,-18.9451576443,-40.2208973357,29.3636970406,33.4410116511
2001-05-29,-19.1159066869,-38.8793630742,28.8952585557,34.6803038464
2001-05-30,-18.3465070361,-36.9325180991,28.9037507215,33.2273395601
2001-05-31,-18.0914033672,-35.9500898336,28.3049391652,33.8268989502
2001-06-01,-17.9195821944,-35.5354929466,28.4093595367,31.982400906
2001-06-02,-18.6692837707,-36.490497485,30.7512725457,32.4502805038
2001-06-03,-17.1114292563,-37.7238496774,29.3203197878,33.7369620878
2001-06-04,-16.155514683,-37.1886966703,31.0718955736,34.9297677594
2001-06-05,-15.1645775756,-37.4404357918,31.4197880847,34.3920290084
2001-06-06,-15.1625725079,-37.9405438391,31.0343548131,34.8016475203
2001-06-07,-16.9076566675,-40.3747896862,30.5906693179,35.2131146029
2001-06-08,-16.4432971795,-40.3414503455,31.2994201472,34.1220257817
2001-06-09,-15.52976906,-40.5487409029,30.7944869918,35.417683125
2001-06-10,-15.5299597085,-39.6074503931,30.2376339062,35.3452288649
2001-06-11,-15.5607298282,-38.2799745218,30.5757627365,34.9037915874
2001-06-12,-13.7986091078,-37.3417874874,29.6722485087,35.2513954198
2001-06-13,-14.253631463,-37.5190148258,31.5785247222,36.3037611874
2001-06-14,-14.7604335774,-37.219496002,31.9578106078,35.2859742714
2001-06-15,-14.4666920456,-37.8746094422,32.0826681223,33.9057838697
2001-06-16,-15.5652588868,-38.723573294,32.1152292346,34.8286274393
2001-06-17,-15.8785634033,-36.1091768854,30.7100213861,35.6949119897
2001-06-18,-17.0901313582,-37.5404793209,30.8580720444,37.794947364
2001-06-19,-16.7459133614,-35.7204534657,31.6539405483,37.6311191296
2001-06-20,-17.1331269413,-35.4942305804,32.0301436011,36.6744942348
2001-06-21,-18.7791348232,-36.2887606163,30.3400018504,37.4123878994
2001-06-22,-18.2516997794,-35.8643050481,30.9464204798,37.8714322426
2001-06-23,-18.5986809111,-35.7364874097,29.6238016178,36.6345177259
2001-06-24,-19.1021329841,-35.5119603086,30.7066132951,39.0737540572
2001-06-25,-18.1085555763,-36.3821342047,28.9862447898,39.9513881477
2001-06-26,-19.9784001963,-36.5363460694,28.2493132904,39.6641070158
2001-06-27,-19.5155141348,-36.1037439295,27.8826310599,42.19818158
2001-06-28,-21.1651814031,-36.3745154424,28.2292930547,42.6296615288
2001-06-29,-22.6553359727,-34.7871485614,29.0021473764,42.5658497834
2001-06-30,-22.066263599,-36.6742475449,30.7768709391,44.7178425627
2001-07-01,-22.7550238411,-38.3518056008,30.1378482428,44.8514636799
2001-07-02,-22.0661263663,-37.173451577,29.9097465426,45.0335515807
2001-07-03,-22.8235436845,-38.4184739123,30.4109697681,43.9686620906
2001-07-04,-21.8376584058,-38.3233340122,30.2479258023,45.7559203436
2001-07-05,-22.311754132,-37.9647250617,29.8465701582,45.9133797398
2001-07-06,-21.6765272703,-36.6481605694,28.5706387416,46.4818907562
2001-07-07,-21.0051879074,-35.2253633699,28.6300284026,45.0326488396
2001-07-08,-22.4931519062,-34.9220636542,29.4945590132,45.7387478051
2001-07-09,-23.5326304049,-33.4707193959,28.9434456177,44.8999980038
2001-07-10,-23.3965347332,-32.486524947,28.7268957684,43.9049216228
2001-07-11,-23.1879623782,-31.3803806796,27.6664911799,42.4458527901
2001-07-12,-23.4434509008,-32.5483932284,27.7589900656,44.1698693683
2001-07-13,-23.1222263645,-33.6053979289,27.1450972527,43.131693383
2001-07-14,-23.286167223,-33.6634264464,26.5128961615,42.4615970501
2001-07-15,-22.7948835723,-32.3976782812,25.8484556564,43.261639562
2001-07-16,-22.6127169054,-31.9248860726,27.6321043631,42.9055795924
2001-07-17,-22.6345441782,-32.3450511589,28.5016947575,43.6083872155
2001-07-18,-23.0548441667,-31.7566677362,28.2410337819,45.8066691442
2001-07-19,-22.7154341474,-30.9935926955,27.710730364,46.0718813873
2001-07-20,-22.5840731927,-29.8250077481,29.3770599636,45.1425234715
2001-07-21,-22.29352417,-30.0057625459,29.3367147139,46.0153319019
2001-07-22,-22.9158463311,-29.0327390395,29.0343875981,46.0542632297
2001-07-23,-22.3508574015,-28.2144953802,28.2887146431,45.1233107688
2001-07-24,-23.3446903712,-27.7320254121,26.9334974274,45.3142347624
2001-07-25,-24.6143997874,-27.6390370746,27.4108502058,45.5402402032
2001-07-26,-23.4652705921,-26.7085133851,25.9238974626,46.8551616421
2001-07-27,-22.6782314916,-25.4204176328,25.2090806078,46.6173847078
2001-07-28,-23.2786130039,-24.5417273427,26.4864700963,47.0709164102
2001-07-29,-24.2919498579,-24.6449754059,26.6774837286,47.4358826351
2001-07-30,-23.5835564033,-24.3731476683,27.2299658966,47.3623049772
2001-07-31,-24.3327818029,-23.8160319104,28.900658372,47.1550586735
2001-08-01,-25.380025878,-24.0201037638,28.2221119324,48.8567660305
2001-08-02,-24.5656886503,-24.1068251835,29.5501351217,49.830991668
2001-08-03,-23.2146269855,-22.5963359777,30.8685891565,49.0253997948
2001-08-04,-22.9004117825,-23.1714479688,31.0430915376,47.9401864264
2001-08-05,-22.2100158275,-23.3122611471,31.1795625746,48.0548795558
2001-08-06,-21.4829259538,-23.9937476159,31.4078532207,46.5263377481
2001-08-07,-22.3266705866,-23.3128175007,31.5547579727,46.6042469691
2001-08-08,-21.8845664291,-22.8731726975,31.3890620948,45.8017254272
2001-08-09,-22.3459974306,-23.4403071846,31.3392936975,46.766412572
2001-08-10,-22.0817698799,-23.1275898227,29.8889269241,44.7856492382
2001-08-11,-21.5346303182,-23.5357060701,29.2136513964,45.4079673671
2001-08-12,-20.3669222434,-22.9008496568,27.8846808409,44.1867887299
2001-08-13,-19.2953724877,-22.5382239634,28.2273444369,45.0792716586
2001-08-14,-19.5956917617,-21.1606474444,28.4712423363,45.4224096172
2001-08-15,-22.0196318828,-20.9129803579,27.5835959174,43.8032222136
2001-08-16,-22.3472576837,-21.1415285541,27.4405302344,42.3526090891
2001-08-17,-24.3242284549,-19.9040255417,26.256496605,42.0554395707
2001-08-18,-21.9604712879,-19.9662241108,27.5794536297,40.9558448112
2001-08-19,-22.0458755681,-19.1251764452,27.7844524985,41.8630884182
2001-08-20,-21.8659057081,-19.501843379,27.5963596931,40.2796331265
2001-08-21,-22.0168928965,-18.6088679739,27.2480908341,40.8177353359
2001-08-22,-22.9360942623,-18.5244431058,27.3803473414,40.7342982192
2001-08-23,-21.8868584625,-18.6783138957,28.1071177483,40.4613109687
2001-08-24,-22.0156121411,-18.3269169126,29.3399297797,40.8706860417
2001-08-25,-21.7770683905,-19.7393368279,29.6269961068,41.6497369792
2001-08-26,-22.1596705123,-21.175501072,30.4489621328,43.5182007708
2001-08-27,-23.4468478037,-19.4116475871,29.4487811904,44.7936059844
2001-08-28,-24.9190763231,-18.6108481579,28.5743674112,44.6048364937
2001-08-29,-24.7876948108,-17.3377663309,27.488218757,43.2184588606
2001-08-30,-24.232002418,-17.0539879247,25.720237915,44.6508281827
2001-08-31,-23.9737534183,-18.9017863333,25.8585348073,44.6490453808
2001-09-01,-23.9434775318,-17.419922849,26.8142413078,45.7388327863
2001-09-02,-23.9048885023,-16.3913381101,27.7984733147,45.6070479622
2001-09-03,-24.1419178956,-14.3169478082,26.7835877755,46.982281373
2001-09-04,-25.6579045797,-15.6009572645,25.9918407389,47.5746172431
2001-09-05,-25.0832766013,-16.0355008523,26.4132635725,46.8360132973
2001-09-06,-25.693758223,-17.4510349758,26.9469188856,46.3448394058
2001-09-07,-25.0260935486,-17.2002276405,27.4016510076,47.3301706561
2001-09-08,-25.9870812972,-18.1488946292,25.0083758707,47.8905317175
2001-09-09,-27.3708167567,-19.6281984856,24.1664404443,46.4754696228
2001-09-10,-27.3151203898,-19.6683561145,24.768003253,46.1831973944
2001-09-11,-27.0596757338,-18.8623054824,24.8124802281,46.8914733615
2001-09-12,-27.7707125169,-18.7473055287,24.8383154554,46.3358129883
2001-09-13,-28.4268064732,-17.2261963985,26.6372472152,46.2945848421
2001-09-14,-28.9902282858,-16.8775230703,26.0154550697,44.8461246222
2001-09-15,-28.3780155396,-16.5006273059,26.1607761917,45.2138853354
2001-09-16,-27.9589660273,-15.6287296124,27.1398169299,44.3169605491
2001-09-17,-27.9290462548,-15.1171234281,27.0346750704,42.8852514175
2001-09-18,-26.4895779056,-15.0529173877,26.550423954,43.2657165065
2001-09-19,-26.3546933868,-15.6916784789,26.2310975322,41.7106032908
2001-09-20,-26.8741240111,-15.7660906703,26.0538933779,41.2355931673
2001-09-21,-24.9113223883,-16.7537669917,27.2781591132,40.5979987448
2001-09-22,-26.4119003905,-16.5509619347,28.9597423253,40.0077325325
2001-09-23,-25.16275237,-14.7542931307,29.0642761903,39.5161978289
2001-09-24,-26.481931115,-12.4412823867,28.9866896387,38.825389986
2001-09-25,-24.2620396067,-14.4729522939,28.159646214,39.7485197253
2001-09-26,-24.9787771886,-14.5388497778,27.2782040284,39.2688908672
2001-09-27,-25.0116839496,-15.1187819445,27.3877659416,38.3079689475
2001-09-28,-24.3994861122,-14.2666304307,26.8266852766,38.5844489259
2001-09-29,-25.3836525954,-13.9795996599,26.2953175039,37.0338717071
2001-09-30,-26.2248639559,-13.0829099797,25.8745323563,39.3958897064
2001-10-01,-26.1140097363,-13.5060500445,25.7814012772,40.2499591842
2001-10-02,-25.6531173023,-12.2180468054,25.7698352418,39.4499730587
2001-10-03,-25.193872117,-13.3222301226,24.2711710004,38.7603874614
2001-10-04,-27.3525739631,-11.9637725287,25.1684850155,38.6157396446
2001-10-05,-27.532700531,-11.2417458947,25.4102384183,37.9531969088
2001-10-06,-26.5675216585,-10.2075757187,26.5140455305,40.1663561422
2001-10-07,-26.2336568861,-9.12131604449,26.5070661529,40.7412276338
2001-10-08,-27.8267410346,-5.84041759079,25.1726361691,39.6945617455
2001-10-09,-28.4118270231,-6.56475619929,26.6485569155,40.5661738897
2001-10-10,-28.6841889932,-5.23887418445,26.264446866,38.7122787906
2001-10-11,-30.0527251669,-4.98507473737,26.348370566,37.030010947
2001-10-12,-27.6020105173,-4.33245943723,26.4961898663,37.2842239197
2001-10-13,-27.9019737815,-4.7484252448,26.4041143095,36.0225568958
2001-10-14,-28.705040657,-3.26659800954,26.5561959422,34.2297073727
2001-10-15,-27.7286988822,-2.24613715927,28.9249118101,34.7957092624
2001-10-16,-27.9835577248,-2.38552160684,29.4655574317,34.9907057373
2001-10-17,-27.5553986401,-2.07647757418,30.7252282809,35.3572475742
2001-10-18,-25.9164477464,-0.491862160167,31.033882974,36.125370598
2001-10-19,-27.0816578776,-0.199699017787,31.3656745419,34.7624591159
2001-10-20,-26.1348234727,-1.35806302079,32.6375957572,35.6906874418
2001-10-21,-25.2805748912,-0.723467846145,31.9776475708,35.7838351005
2001-10-22,-26.6388401064,-1.77431232262,32.2159554026,36.7417186016
2001-10-23,-25.8373469011,-3.71970733031,34.2601658751,37.270233196
2001-10-24,-26.3151242357,-3.19900806095,33.3599338995,36.6541332552
2001-10-25,-24.9713093164,-3.27729648466,33.6595552116,36.1402277936
2001-10-26,-23.3001387016,-4.05130289409,32.5058977696,37.0425613705
2001-10-27,-22.1100352647,-1.74307286282,34.0938912476,37.9855091361
2001-10-28,-20.3571132228,-3.92944973592,33.3704773663,36.7008747828
2001-10-29,-20.5149617117,-3.1429390664,33.6895214536,37.009896726
2001-10-30,-20.7128295453,-2.92439734506,35.0180412802,38.8908692709
2001-10-31,-19.9182304196,-1.59079528872,34.6001432493,38.7057672209
2001-11-01,-18.7155213397,-2.19190129648,36.5814796832,38.4563147479
2001-11-02,-20.8048732723,-4.28017893199,34.9000319954,40.351631565
2001-11-03,-20.4656488114,-3.29387352391,34.2508788194,41.1348607579
2001-11-04,-20.543262503,-5.03773323796,33.6174009232,40.3352691055
2001-11-05,-19.6255949587,-5.56226551354,33.9806962868,40.4704299513
2001-11-06,-19.6313619079,-4.93633819269,34.5106856935,41.7480743341
2001-11-07,-20.7519248864,-5.8614469354,34.4800730886,41.5974928699
2001-11-08,-20.939526768,-5.07426541565,33.4345808799,40.9982998979
2001-11-09,-21.04494456,-4.82488944682,32.4006000469,40.4142322528
2001-11-10,-22.4694392545,-5.34517918832,29.9757987235,40.8339914651
2001-11-11,-21.5843695591,-6.17277064687,30.1837690843,40.5532110141
2001-11-12,-22.9629548863,-6.38986115533,31.9793458256,39.306725436
2001-11-13,-24.425992519,-6.92509339908,31.5251447015,40.4315102534
2001-11-14,-24.7999630055,-6.76191162219,30.5597882462,40.6844240999
2001-11-15,-25.0931987076,-6.79710103402,30.7111091857,40.4531908499
2001-11-16,-24.770621428,-6.98321461611,31.7977640525,40.0643342224
2001-11-17,-23.7764200852,-7.3583351181,30.5289017503,41.6236246696
2001-11-18,-24.184274048,-5.26034735656,31.1407075943,42.2669762423
2001-11-19,-23.9484295636,-4.76632198835,31.0319198595,42.5352970434
2001-11-20,-23.060284024,-3.14003698521,32.1969465615,39.9227914284
2001-11-21,-23.0283623852,-2.88024583341,31.1450584575,39.7634610808
2001-11-22,-22.7827271691,-4.97371430907,31.0497186853,39.717626273
2001-11-23,-23.156270181,-5.18642275144,33.26398269,41.0259806019
2001-11-24,-23.7354758734,-4.6519221318,31.4018089151,41.5870944426
2001-11-25,-24.23432393,-5.81254083133,31.2303598197,40.4827988896
2001-11-26,-25.887497255,-5.55814151808,30.6614858685,38.533544835
2001-11-27,-26.6914572938,-4.39782994335,32.5770729656,36.6626202901
2001-11-28,-26.1771520343,-5.00742041764,33.4074842934,36.5906931695
2001-11-29,-24.3508980399,-5.09648435779,33.7331113112,37.5545499334
2001-11-30,-25.7734733318,-5.35070260747,33.6035677378,39.2455393484
2001-12-01,-25.7107968334,-7.75394461131,33.495106975,37.1366195506
2001-12-02,-25.0325974007,-9.55209861687,33.6339800641,35.6619911476
2001-12-03,-24.812261729,-8.61126647905,34.5921667732,37.0420360276
2001-12-04,-23.8650066356,-8.40099708099,35.3345548392,36.7782971129
2001-12-05,-23.5087991989,-8.98858528656,36.5352532827,38.1102727088
2001-12-06,-25.0044376492,-10.3492786188,35.5695376603,38.6647909527
2001-12-07,-25.5744407459,-10.2369298948,35.8283911989,38.9093185807
2001-12-08,-25.1187545519,-8.91973786213,36.2023758563,37.9864658424
2001-12-09,-26.6052645337,-8.88124751151,36.8672737026,38.9129586044
2001-12-10,-26.7431091263,-8.23565085036,38.1939166085,39.2544999439
2001-12-11,-26.9551955893,-7.14851639982,38.947341616,39.3055045342
2001-12-12,-27.396157574,-7.5409450467,38.8745634793,39.5535466638
2001-12-13,-28.7297605701,-7.4671167504,39.9508832791,39.6622300304
2001-12-14,-28.920807349,-6.47907301211,38.6492854286,39.0366503835
2001-12-15,-30.8225179446,-6.95050857909,36.9745369662,39.9349310149
2001-12-16,-30.1805862593,-6.12668037522,35.3754020785,41.1664466274
2001-12-17,-30.3654022677,-4.95635979486,36.1419031687,40.6547843367
2001-12-18,-30.1519415152,-5.62558886268,37.770101646,40.4445335414
2001-12-19,-32.011474261,-6.93022012639,38.6013714007,40.7016335031
2001-12-20,-29.9649616241,-7.30437185716,37.6503656962,39.3451987323
2001-12-21,-29.74943764,-5.97707802776,39.117052063,40.0038199254
2001-12-22,-28.837579137,-6.98553580626,39.6234369473,39.3205027852
2001-12-23,-28.3112677604,-7.13302152895,39.3010207114,37.1506382369
2001-12-24,-27.7758456671,-7.73677792117,38.8187343304,37.582794988
2001-12-25,-25.875884855,-7.95355045901,39.4217660079,37.6255915871
2001-12-26,-25.6905293237,-7.20562837741,38.1587710473,36.2708638528
2001-12-27,-27.3300858518,-4.88819903715,38.7686254009,37.2227216173
2001-12-28,-27.5363451663,-3.63709617851,38.6689422409,37.453336616
2001-12-29,-27.5567198961,-5.42533562153,37.9629579893,38.6887715111
2001-12-30,-27.3734017689,-4.17175763839,37.2504480892,40.6801483528
2001-12-31,-28.2366142255,-4.00942330712,36.6827620871,40.463840051
2002-01-01,-29.4942658176,-2.68346697742,38.0905933336,38.8720567794
2002-01-02,-28.8836913951,-2.74836797509,38.6926519683,40.6002324576
2002-01-03,-27.4896429685,-3.04768062968,40.1826342981,40.2631850494
2002-01-04,-27.7219886302,-3.20308309182,40.9506153328,38.5884432108
2002-01-05,-28.1425852153,-4.21360955277,42.1735916569,38.0634729844
2002-01-06,-28.4559249484,-2.82476790238,42.2322639231,38.933557463
2002-01-07,-29.0753728448,-3.72248270259,42.4053344287,36.8239594512
2002-01-08,-28.5663006148,-3.66495364275,42.7513618278,34.5302040085
2002-01-09,-29.8740976812,-3.30076215118,43.2088380324,35.3152009542
2002-01-10,-31.9234599183,-1.36364585408,42.4947999184,34.3721753711
2002-01-11,-32.3935107029,-2.17647466637,42.2492124928,32.7051011142
2002-01-12,-33.1182640287,-1.16429525598,41.4552714065,31.5984880339
2002-01-13,-32.1044087715,-0.552172465867,41.0002502195,32.5253552706
2002-01-14,-31.0929921718,-1.01177567512,41.1461785165,32.0953772532
2002-01-15,-30.8576253749,-0.715776333924,38.2693774808,33.7616079734
2002-01-16,-31.5936169137,-2.71570099895,38.3551640292,34.1366872079
2002-01-17,-31.3815610715,-1.82079293916,38.5097435335,33.1729520839
2002-01-18,-31.5732079672,-2.96585303605,40.1749536998,35.156383845
2002-01-19,-30.6996941717,-1.70372063427,40.1110176218,34.1969989343
2002-01-20,-30.9798832536,-1.64762869207,39.7152714842,33.7950293815
2002-01-21,-31.2346751329,-3.53477479481,39.1363709687,34.4742194635
2002-01-22,-31.7727684575,-3.82672572071,39.7543639163,34.6602593766
2002-01-23,-30.4905002222,-3.06258142109,38.2599300529,35.1319645764
2002-01-24,-30.3996151682,-4.26644437575,37.6102535952,34.4483623623
2002-01-25,-29.8959203936,-3.1750405425,37.1972342616,32.9890715206
2002-01-26,-30.511571966,-3.12803485774,37.8503252376,31.5168945221
2002-01-27,-30.3442391718,-2.17771552446,36.9382465219,31.2521170636
2002-01-28,-27.7480206274,-2.70431156185,35.7927370981,32.7043602094
2002-01-29,-28.8480870476,-4.91923093961,36.4083026969,34.2984214226
2002-01-30,-29.4883293598,-5.06476019209,37.7871197872,34.5707105446
2002-01-31,-29.8765968396,-5.06252011086,37.2324434661,35.8380250464
2002-02-01,-28.5898438806,-5.01390777289,36.9632920238,34.6411785995
2002-02-02,-30.8512697659,-3.6285663942,37.4533813657,35.1699845347
2002-02-03,-29.3587956979,-3.43795862068,39.5874599012,36.9896329098
2002-02-04,-28.6856964842,-1.70187419734,38.8201788211,37.3825671663
2002-02-05,-29.3375757127,-2.73220214594,38.8518126356,36.5046349081
2002-02-06,-29.4274515089,-2.44729964522,39.4363234688,37.101281258
2002-02-07,-30.2525809666,-3.36116431683,38.8807189682,37.2607264232
2002-02-08,-29.0471685643,-3.67237666662,40.9057748748,38.3913045756
2002-02-09,-30.5357980554,-4.65021633964,39.3722021775,38.0842183118
2002-02-10,-30.3246611449,-3.07839951157,37.519634424,38.0225048908
2002-02-11,-31.0909213432,-3.7864556217,38.4315316368,38.0130880082
2002-02-12,-30.8382960806,-2.44904759772,39.547789096,38.9034925543
2002-02-13,-31.0407277605,-0.845667718965,39.3805955854,39.5903166182
2002-02-14,-31.1374690822,-2.02097464082,38.3127115857,38.926477821
2002-02-15,-30.5599411336,-3.91582260999,37.84233843,40.3659648552
2002-02-16,-29.7889272931,-4.36586777159,38.3067902591,39.0320857254
2002-02-17,-30.2023801028,-4.73521223,37.7602770636,39.2387305963
2002-02-18,-29.9924606399,-5.19964077372,39.3054874091,39.1880673099
2002-02-19,-30.5848252113,-4.80155915136,39.4259636024,37.8632763785
2002-02-20,-31.7313548427,-6.5534359945,37.6135959212,38.8191106089
2002-02-21,-30.7366269065,-7.21396054638,37.8056554721,38.4478621272
2002-02-22,-29.0309737656,-8.59233445511,37.6233391397,37.3251320349
2002-02-23,-29.7753158218,-9.82477790888,39.5742525403,36.2410502578
2002-02-24,-27.7889299614,-10.7972629462,38.2363679432,37.6537878752
2002-02-25,-26.6471698377,-11.5316772766,37.9123659545,37.5069263138
2002-02-26,-25.682144433,-11.746399892,38.7096604299,38.0520573226
2002-02-27,-25.8502094236,-11.2055792519,37.6494745424,40.2455580906
2002-02-28,-25.3819471629,-10.5371819765,37.9832963309,39.4491787143
2002-03-01,-26.3574942471,-9.68491295826,39.2709050283,40.9121008485
2002-03-02,-25.4243765055,-9.60888042021,39.1039843715,40.3549230542
2002-03-03,-24.3638737209,-8.7151157381,40.7900133967,40.5935206175
2002-03-04,-25.135791959,-8.95688498646,41.1520868511,40.877393872
2002-03-05,-24.3933011205,-9.0073872062,39.3623783872,40.7766806547
2002-03-06,-24.6118047078,-9.99480058341,38.796670538,40.6906440944
2002-03-07,-23.3882074045,-8.26747159164,37.7863848568,40.286390252
2002-03-08,-23.333228571,-9.3257676515,36.8039379945,40.5366833375
2002-03-09,-24.9571451208,-9.39046604436,36.6786274348,40.326487685
2002-03-10,-26.3517006833,-10.5036157285,37.0249909549,41.3187748948
2002-03-11,-25.8111508048,-11.2480213303,36.6250657822,41.8731000472
2002-03-12,-26.1250918023,-11.391570392,37.1359836941,42.2942088604
2002-03-13,-24.4804895941,-11.1783822238,36.8511590592,40.9096710477
2002-03-14,-23.4133860654,-11.8969635412,36.8317688742,39.9874594057
2002-03-15,-23.9466199707,-12.5867300909,35.813402306,39.896425408
2002-03-16,-23.1910842232,-13.1182845245,36.1364950534,41.2880781582
2002-03-17,-22.5797632602,-13.586013726,36.6640718106,41.4788565472
2002-03-18,-22.3962201046,-13.4992790164,34.6348811871,42.5343014504
2002-03-19,-22.4177919201,-12.2380028196,33.9625252021,41.0028805678
2002-03-20,-22.2439879363,-10.4570102627,32.4581830641,41.1417238383
2002-03-21,-21.0187082103,-10.4270895475,32.5158202486,41.029521305
2002-03-22,-21.25237192,-12.5232852654,31.5346383274,41.7796573769
2002-03-23,-21.959222971,-12.5322482022,33.0454152811,41.5130378616
2002-03-24,-22.7047551953,-14.9587570533,34.2492941903,42.6643964428
2002-03-25,-23.5678264421,-16.358481052,31.8999185849,41.9112350101
2002-03-26,-23.9331690826,-15.6346333016,32.161103757,42.4875591494
2002-03-27,-23.6241139713,-14.7266403517,31.1591897147,42.8353463606
2002-03-28,-23.4276326183,-12.6940551395,29.7417625777,43.6356154284
2002-03-29,-24.0811324857,-11.7511159178,30.401086963,45.0957357613
2002-03-30,-24.3782981941,-12.0471503633,30.801416403,46.4632597847
2002-03-31,-25.0856721748,-13.3019397849,29.5514753331,47.0449758631
2002-04-01,-24.3620172657,-12.3720162186,29.8583683497,48.8364215295
2002-04-02,-24.508242054,-13.3914329634,29.787477759,48.825231065
2002-04-03,-22.4399898939,-13.9007106284,28.1938830189,48.2868113607
2002-04-04,-24.0802598175,-13.0826319404,27.8816223817,49.253605797
2002-04-05,-24.2739877688,-13.4030426245,27.680900641,49.2045345262
2002-04-06,-23.1177531694,-13.2996267935,28.3025307266,49.8837491307
2002-04-07,-23.7233135046,-12.9265561296,29.075132836,50.5652883508
2002-04-08,-24.4633788064,-12.3370006582,28.1784213457,51.6482736627
2002-04-09,-24.3719555459,-12.5411806585,28.1745351475,53.3801669593
2002-04-10,-23.6171632922,-11.6004765853,28.7184363646,52.3469877552
2002-04-11,-24.4474725225,-13.0341382487,29.0517087964,53.4644999041
2002-04-12,-23.3330628245,-13.9891341041,28.5783417532,53.0170478712
2002-04-13,-24.3315684667,-15.2853726791,28.7496113376,54.3320702757
2002-04-14,-24.2234863111,-14.793892473,28.6002957883,55.6612343396
2002-04-15,-23.6840227302,-14.8770765512,25.9771054164,55.8843306809
2002-04-16,-25.3779466127,-14.8861482365,25.6502058128,56.1305459611
2002-04-17,-25.4546682971,-14.3509199746,25.3384100508,54.5268450291
2002-04-18,-24.2347942602,-13.9775086468,24.5342251307,54.0908654522
2002-04-19,-24.1189902562,-13.7931298718,26.2361988179,54.3561472393
2002-04-20,-24.2440051247,-14.0670506894,27.6588973771,54.4884875856
2002-04-21,-24.2523140827,-14.5437645636,27.4702181925,55.4824629852
2002-04-22,-25.9501389398,-14.2994988656,27.488896793,55.8708105477
2002-04-23,-25.5692717655,-12.5429399051,27.8683306728,55.673157714
2002-04-24,-25.9445958747,-12.5157247089,26.3188663808,55.6984052707
2002-04-25,-25.1391431195,-10.5550191537,26.6218922859,55.7779749681
2002-04-26,-24.5169401831,-10.9656378126,24.7703491898,55.904252955
2002-04-27,-25.7223466533,-10.6674806349,24.3662787277,57.2095866287
2002-04-28,-22.9671012658,-11.3281128756,24.5787425215,55.4571385635
2002-04-29,-23.6020398133,-12.3625140011,26.2671068274,55.8201132855
2002-04-30,-23.9501329387,-12.6249439486,25.9741471623,55.9428601389
2002-05-01,-22.6739125197,-13.1143951524,24.0639447762,55.0827186932
2002-05-02,-23.8976506659,-14.3609450186,24.0831863058,54.4036375313
2002-05-03,-23.8397309337,-13.6190539431,24.8058999013,52.5877999328
2002-05-04,-22.4362325767,-12.0367110877,23.9119602823,50.5585099954
2002-05-05,-24.0824916806,-11.3394388343,22.2990785567,51.8305578804
2002-05-06,-22.4706982218,-11.267307885,22.0730295263,49.6365340063
2002-05-07,-22.1623364182,-12.2264978531,20.0573283804,52.2843589382
2002-05-08,-22.5290163258,-12.3286070749,18.9957238792,51.7387651625
2002-05-09,-22.2385403968,-11.4928009533,18.5697292363,50.2890070531
2002-05-10,-21.9926407956,-10.1792700861,18.7332547905,52.3077838961
2002-05-11,-21.9531828723,-10.2435828344,19.4142438111,51.8869481675
2002-05-12,-23.5387785349,-10.1757644696,18.7288459807,52.4161610753
2002-05-13,-22.4029260259,-8.62732978298,18.6558368173,52.692312669
2002-05-14,-22.0006277961,-7.62822325201,17.3178404167,53.1592372308
2002-05-15,-22.1660269357,-8.15167994686,17.3305005272,52.8905340467
2002-05-16,-21.4843197788,-7.97533496362,17.7764283772,53.9576540374
2002-05-17,-22.1506081351,-8.13806535788,16.5373673252,53.2501530547
2002-05-18,-22.601960743,-6.97241258274,16.2498415933,53.6188922892
2002-05-19,-23.7481867567,-9.02317636525,15.472396108,52.205432241
2002-05-20,-24.1249269938,-9.09532857414,14.4521330523,53.5081178809
2002-05-21,-25.666996632,-7.86826930151,14.7655595163,53.2211075145
2002-05-22,-27.2547248237,-9.09276912137,15.9880886078,52.1051498448
2002-05-23,-27.888172103,-9.97674318201,16.5172547925,53.3515924535
2002-05-24,-26.2931637704,-9.28215981704,15.8104798458,53.8404560962
2002-05-25,-28.314341928,-7.69823954312,16.529811738,54.6017202501
2002-05-26,-28.25246026,-7.80320120117,16.1610599362,54.5159946701
2002-05-27,-26.7759179095,-7.57804061111,16.4870747665,55.4379524242
2002-05-28,-27.1821201101,-6.04896171268,14.8649057298,55.11700292
2002-05-29,-27.3086809462,-7.24692298159,16.1872942844,55.9190185063
2002-05-30,-28.1027283351,-8.45779732847,17.9940134119,55.9945799788
2002-05-31,-27.512501673,-8.06648626571,18.3648837109,56.9319017711
2002-06-01,-27.6852908442,-6.15394206102,19.4027602937,56.9842112688
2002-06-02,-27.0975615201,-5.97835395395,20.5052565511,55.9101527028
2002-06-03,-25.310623645,-5.85255669056,20.0605238828,56.9625017332
2002-06-04,-24.219793846,-5.78176095353,19.785561899,56.1168344954
2002-06-05,-23.8175596216,-6.73634206796,18.6249036664,56.6153625799
2002-06-06,-24.0459810678,-5.52178366318,19.1309504316,56.4500066254
2002-06-07,-22.1051491953,-5.78877046514,18.6667396606,57.8450726047
2002-06-08,-23.2051973085,-7.52806485223,19.9653137362,58.7562229025
2002-06-09,-23.5377514391,-7.22576180742,20.8081467903,57.5360749154
2002-06-10,-23.5649560301,-5.25701493405,19.1775952256,58.420554223
2002-06-11,-24.5837461499,-5.47240346902,19.2829247158,57.6477805969
2002-06-12,-24.8073648429,-7.90814715076,20.3781051945,59.082397396
2002-06-13,-25.0229808383,-6.79081883199,21.3399977546,59.1406482469
2002-06-14,-24.375376327,-7.55506440295,22.0123565323,59.4211295275
2002-06-15,-25.26815115,-9.82981904826,22.1378337332,57.8842602011
2002-06-16,-25.9191074041,-10.6568993379,22.186015181,55.5025872418
2002-06-17,-26.2494808359,-10.4251173576,23.2860264024,55.514940563
2002-06-18,-26.741551822,-9.5240785195,23.2023082642,55.1980855158
2002-06-19,-27.1313647877,-10.3553327932,23.3038359862,55.5532475636
2002-06-20,-26.2675104137,-9.03623671428,23.4170805334,55.9679519967
2002-06-21,-25.6805154426,-8.27614194375,22.1232175217,55.0292744907
2002-06-22,-25.1709043233,-7.38097244291,21.4996833662,53.9108482887
2002-06-23,-25.2901623271,-8.47210479243,23.2783317201,54.28165525
2002-06-24,-24.5207391541,-8.66583398591,23.7223602736,54.4581979432
2002-06-25,-25.341862735,-8.20522896347,21.8227579752,54.2123559248
2002-06-26,-23.9303394241,-6.78410056042,21.4100216397,53.3277828143
2002-06-27,-23.8600710649,-7.34505076594,20.9815281132,51.6211378712
2002-06-28,-24.6013871821,-9.7523133035,19.9993115097,52.5662284782
2002-06-29,-25.2240769047,-10.4351977787,19.1332965746,53.037781718
2002-06-30,-25.0793378934,-10.8285925237,18.5956673902,52.4026427904
2002-07-01,-25.295383949,-10.9025108624,17.9594854996,53.1846987648
2002-07-02,-25.6883026324,-12.9477978066,18.2605624103,55.3260420824
2002-07-03,-25.9048233981,-11.7853161507,18.8049580137,53.4566936937
2002-07-04,-25.7263791832,-11.7699616555,18.9575403983,53.3776857845
2002-07-05,-26.3490350573,-12.8258634714,17.5010413792,54.4787292077
2002-07-06,-25.3342242924,-13.3378456691,16.9778681851,54.8589689682
2002-07-07,-25.790792049,-13.1672142881,16.2140213217,54.7003191547
2002-07-08,-24.5462149754,-12.1554721751,17.2797663027,54.8649282382
2002-07-09,-25.0235012133,-12.2581604619,16.9304592986,54.8860362053
2002-07-10,-24.5738412708,-13.0519649123,15.7449337518,54.9869348374
2002-07-11,-25.2286940347,-13.093173224,13.9562347987,56.0007641766
2002-07-12,-26.0820826622,-14.9852675192,14.9345809078,55.9239463707
2002-07-13,-26.477073203,-14.2351721525,15.9956382806,54.881856742
2002-07-14,-27.2878931086,-13.9495441984,14.06180225,53.5959835929
2002-07-15,-26.8275062049,-14.4364156402,13.9204054238,54.6508063625
2002-07-16,-28.0473478281,-15.3291881261,14.1672031424,55.7020192111
2002-07-17,-27.7739552014,-15.2310356199,12.9798372228,55.4679659029
2002-07-18,-27.6670612069,-13.7475998418,13.106457374,57.6998375521
2002-07-19,-29.4731452863,-14.5284749656,13.6718887116,57.7684489187
2002-07-20,-28.9433144242,-13.7183629957,13.2643942752,56.9946480378
2002-07-21,-27.7621215672,-13.5928748142,13.072678484,58.6784010452
2002-07-22,-26.0897541018,-12.5405017702,13.1498837927,57.0929655343
2002-07-23,-26.4708535733,-13.2500390955,13.4190863687,56.8599346284
2002-07-24,-25.695916256,-12.979903217,12.9544977599,55.6290707174
2002-07-25,-27.0796838857,-12.6334676566,13.0730817256,55.2521552795
2002-07-26,-25.8078221109,-12.8464563039,13.0934898665,55.7547497668
2002-07-27,-24.9765438089,-13.6699642645,11.6931492873,56.2492422124
2002-07-28,-25.6294129341,-15.6201531871,12.5023211982,56.9126009962
2002-07-29,-27.8179795379,-15.0940580322,12.5174520139,56.6243811839
2002-07-30,-27.6339551553,-14.7954113524,12.9016130008,55.4494783178
2002-07-31,-25.4198026092,-14.6038999761,11.2163534115,56.612611145
2002-08-01,-22.9050400477,-12.2626803674,11.6469092104,56.5821145086
2002-08-02,-22.491902547,-11.2484198903,13.3852237682,56.4978240462
2002-08-03,-22.7172715657,-11.0886725397,10.8712860703,56.0459896298
2002-08-04,-24.514643795,-11.0315999799,11.4432482699,54.1294312342
2002-08-05,-25.0977733665,-9.66059564932,12.1325707594,54.2706045521
2002-08-06,-25.320246055,-8.6185431693,14.0460160716,53.71135855
2002-08-07,-25.2295615591,-7.91139607478,14.4764630483,53.5572011609
2002-08-08,-24.194696959,-7.10868885052,13.8520512777,54.4297678863
2002-08-09,-24.2267439699,-7.51946011985,14.4642481784,54.6969815569
2002-08-10,-25.1187568096,-6.15098275408,15.1714152455,54.7559273485
2002-08-11,-24.0490337888,-5.85650168738,14.835467861,57.405291204
2002-08-12,-23.7446415198,-6.93669084347,13.4093308209,58.8527104324
2002-08-13,-24.7768363211,-8.50235486646,11.3349564607,59.4083941156
2002-08-14,-24.7349298638,-7.48432875331,11.9262930179,60.551068018
2002-08-15,-22.8165589451,-7.43048388974,11.543751406,61.1067892352
2002-08-16,-23.881423976,-7.68634255232,8.98936648415,59.3418047661
2002-08-17,-24.5491071245,-6.87496250787,8.67851094122,59.7993834988
2002-08-18,-26.322677007,-6.71302097666,10.6697332618,60.9962545632
2002-08-19,-25.191080334,-7.50862922109,10.0841367501,60.0897206509
2002-08-20,-22.8549213204,-8.34437574198,9.0937204458,60.7744360392
2002-08-21,-22.7964601505,-7.44358901467,8.69496254174,58.9574779256
2002-08-22,-23.1727321604,-7.72797348472,8.93390067939,59.4775338373
2002-08-23,-22.6966398195,-6.54861513243,9.4506449321,58.8291915254
2002-08-24,-22.7090329278,-8.64538078688,9.05100883444,58.3369264211
2002-08-25,-23.7145256032,-9.26944219415,8.72389506937,58.2658054671
2002-08-26,-22.3447035311,-9.71414686051,10.116192483,57.9290026069
2002-08-27,-22.3696286381,-9.81391836019,9.76963592077,58.0658979867
2002-08-28,-21.7347177563,-7.7952026878,8.29280357767,56.2449323495
2002-08-29,-22.7484250247,-7.94843099244,8.95172869246,57.9648551801
2002-08-30,-23.3656237293,-8.53756336218,8.02724547745,57.1858647946
2002-08-31,-22.7920541159,-9.46161293244,10.2236042869,56.5368440209
2002-09-01,-23.0615371224,-9.3279450003,9.23922006598,55.0026664725
2002-09-02,-21.9806358429,-8.63495559284,8.46653435536,54.4225875053
2002-09-03,-20.7932437574,-9.26723963106,8.73526898127,54.0672909022
2002-09-04,-20.3889441216,-9.73649766329,8.17172026199,53.2828720366
2002-09-05,-21.1872357747,-8.02268730845,8.75624999402,52.8292558213
2002-09-06,-20.6784360116,-8.3850711772,9.68295666304,52.7190632267
2002-09-07,-22.1107134509,-8.27879743751,10.3636149049,52.0114359356
2002-09-08,-22.3315441303,-7.84195356728,10.7858641865,51.8828300473
2002-09-09,-21.8763116247,-7.09119752218,11.2417476606,50.1382124777
2002-09-10,-20.0551804867,-6.77595499531,10.4168651477,48.6099852235
2002-09-11,-20.8719145664,-6.56842044315,9.28607581159,49.1126688549
2002-09-12,-21.2966539726,-9.04839959609,7.18752678013,48.31566397
2002-09-13,-20.714664208,-8.41301036706,7.05340153045,48.1772584748
2002-09-14,-19.5556988736,-7.25351571529,6.52244058517,49.0219711451
2002-09-15,-20.8979587005,-8.60580231226,5.39491262417,49.2621853931
2002-09-16,-18.654742325,-8.69897413241,7.32661211777,48.8351183185
2002-09-17,-18.1130727838,-8.6995648534,8.88863964887,49.8702532306
2002-09-18,-17.4512588209,-8.40472604211,9.72264049116,49.0929082341
2002-09-19,-17.8738140676,-8.92473424904,9.0025431227,48.5971482506
2002-09-20,-19.7789225173,-8.57147217671,11.4011233223,49.5803316059
2002-09-21,-19.9642080287,-7.4838727067,12.5911690726,50.8133120438
2002-09-22,-19.5937142496,-7.27501472484,13.740881946,51.9307414001
2002-09-23,-19.522714671,-5.98709336647,12.5524168362,51.5884654087
2002-09-24,-19.6037618044,-5.08526606193,14.6708410745,52.1733225197
2002-09-25,-20.6781777082,-5.5442694772,15.4688350571,52.9296914539
2002-09-26,-21.9637172821,-4.61837937538,15.8295953035,52.0873337429
